{
    "keywords": {
        "高圆圆": 0.024244751906539675,
        "媒体": 0.022508665280868683,
        "北京": 0.015403545763051434,
        "现身": 0.014015917448193358,
        "答谢": 0.013715287661113424,
        "赵又廷": 0.013573090803544682,
        "宾客": 0.012717126944025442,
        "新人": 0.012704962324213821,
        "谢娜": 0.012472954728927918,
        "捧场": 0.012071970365997713,
        "宴": 0.011980812645702896,
        "外套": 0.01094684050851528,
        "展示": 0.010844884258869468,
        "礼物": 0.010829665233671718,
        "记者": 0.010623774216233475,
        "当晚": 0.010089048882016248,
        "参加": 0.009865279529562287,
        "戴着": 0.009863413527702692,
        "酒店": 0.009742783569572618,
        "女方": 0.009516620238679113
    },
    "keyphrase": [
        "答谢宴"
    ],
    "summary": [
        [
            0,
            0.07508284941256574,
            "中新网北京12月1日电(记者 张曦) 30日晚，高圆圆和赵又廷在京举行答谢宴，诸多明星现身捧场，其中包括张杰(微博)、谢娜(微博)夫妇、何炅(微博)、蔡康永(微博)、徐克、张凯丽、黄轩(微博)等"
        ],
        [
            27,
            0.05328371904998038,
            "记者了解到，出席高圆圆、赵又廷答谢宴的宾客近百人，其中不少都是女方的高中同学"
        ],
        [
            6,
            0.04991239378189001,
            "高圆圆身穿粉色外套，看到大批记者在场露出娇羞神色，赵又廷则戴着鸭舌帽，十分淡定，两人快步走进电梯，未接受媒体采访"
        ]
    ]
}