{
    "keywords": {
        "信号": 0.020018250196461165,
        "毫米波": 0.015696555174689413,
        "速率": 0.014294977339967657,
        "无线通信": 0.013092855705018834,
        "传输": 0.013033894501840303,
        "划分": 0.012439161130876694,
        "调制": 0.012026119832759386,
        "频率": 0.01195995095594298,
        "增加": 0.010307566364765154,
        "码元": 0.010234533597537768
    },
    "keyphrase": [
        "传输速率",
        "信道传输速率"
    ],
    "summary": [
        [
            36,
            0.04738073475513867,
            "提高频带利用率，简单说就是让信道中单位时间里引入更多的码元，从而提升速率"
        ],
        [
            31,
            0.04079609418754218,
            "刚才我们说到这条“大路”，其中的一个载波就像运载工具，而载波载着信号，经历编码、调制、发送、媒介传输、接收、解码、译码的整个路径，就是我们广义所说的信道，就像是一辆汽车从出发地到目的地的行进轨迹，而信号，就是在信道中传输的"
        ],
        [
            16,
            0.03826003693869248,
            "这就说明，要想提高信道传输速率，就有提高频带利用率和系统带宽两种方法"
        ]
    ]
}